{"cameraMode":{"drawMode":0,"name":"Shaded","section":"Shading Mode"},"sceneLighting":false,"audioPlay":false,"sceneViewState":{"showFog":true,"showMaterialUpdate":false,"showSkybox":false,"showFlares":true,"showImageEffects":true,"showParticleSystems":true},"in2DMode":false,"pivot":{"x":14.499999046325684,"y":0.6045230031013489,"z":0.6472768783569336},"rotation":{"x":-0.03313429653644562,"y":0.9603119492530823,"z":-0.24450168013572694,"w":-0.13014160096645356},"size":3.7656362056732179,"orthographic":false}